hidden_dim,num_layers,max_seq,num_epochs,Actual,Predicted
120,3,10,100,0.013,-0.0019682683
120,3,10,100,0.027,-0.0018164981
120,3,10,100,0.038,-0.0015080872
120,3,10,100,0.047,-0.001017432
120,3,10,100,0.065,-0.00031441788
120,3,10,100,0.095,0.062763035
120,3,10,100,0.17,0.18187495
120,3,10,100,0.31,0.32129508
120,3,10,100,0.58,0.46868563
120,3,10,100,0.83,0.6070133
120,3,10,100,0.94,0.7241389
120,3,10,100,0.98,0.8170967
120,3,10,100,1.0,0.88910013
120,3,10,100,1.0,0.9447836
