hidden_dim,num_layers,max_seq,num_epochs,Actual,Predicted
120,3,10,100,0.013,-0.0013702848
120,3,10,100,0.027,-0.0011940163
120,3,10,100,0.038,-0.00089370116
120,3,10,100,0.047,-0.00044807087
120,3,10,100,0.065,0.017035812
120,3,10,100,0.095,0.09926015
120,3,10,100,0.17,0.20428626
120,3,10,100,0.31,0.331672
120,3,10,100,0.58,0.47442058
120,3,10,100,0.83,0.6171752
120,3,10,100,0.94,0.7406305
120,3,10,100,0.98,0.83368564
120,3,10,100,1.0,0.900033
120,3,10,100,1.0,0.9486101
