hidden_dim,num_layers,max_seq,num_epochs,Actual,Predicted
120,3,10,100,0.047,-0.00392275
120,3,10,100,0.065,-0.0036200383
120,3,10,100,0.095,-0.0031201409
120,3,10,100,0.17,-0.002372785
120,3,10,100,0.31,-0.0013112755
120,3,10,100,0.58,0.012781236
120,3,10,100,0.83,0.19376151
120,3,10,100,0.94,0.39387694
120,3,10,100,0.98,0.57954735
120,3,10,100,1.0,0.72704375
120,3,10,100,1.0,0.8351712
