hidden_dim,num_layers,max_seq,num_epochs,Actual,Predicted
120,3,11,100,0.013,-0.001940455
120,3,11,100,0.027,-0.0017327559
120,3,11,100,0.038,-0.0013516262
120,3,11,100,0.047,-0.0007694043
120,3,11,100,0.065,0.004391834
120,3,11,100,0.095,0.1111072
120,3,11,100,0.17,0.24210301
120,3,11,100,0.31,0.3893208
120,3,11,100,0.58,0.5371241
120,3,11,100,0.83,0.6694394
120,3,11,100,0.94,0.77799255
120,3,11,100,0.98,0.8630132
120,3,11,100,1.0,0.9286459
120,3,11,100,1.0,0.97953516
