hidden_dim,num_layers,max_seq,num_epochs,Actual,Predicted
120,3,11,100,0.013,-0.0012835632
120,3,11,100,0.027,-0.0010536303
120,3,11,100,0.038,-0.0006795059
120,3,11,100,0.047,-0.00013551209
120,3,11,100,0.065,0.06097264
120,3,11,100,0.095,0.15895414
120,3,11,100,0.17,0.28235054
120,3,11,100,0.31,0.42831492
120,3,11,100,0.58,0.5830519
120,3,11,100,0.83,0.71979445
120,3,11,100,0.94,0.8198423
120,3,11,100,0.98,0.88864714
120,3,11,100,1.0,0.93798846
120,3,11,100,1.0,0.97553676
