hidden_dim,num_layers,max_seq,num_epochs,Actual,Predicted
120,3,12,100,0.013,-0.0017393713
120,3,12,100,0.027,-0.0014865559
120,3,12,100,0.038,-0.0010626926
120,3,12,100,0.047,-0.0004412218
120,3,12,100,0.065,0.040655524
120,3,12,100,0.095,0.15005775
120,3,12,100,0.17,0.28243297
120,3,12,100,0.31,0.42891723
120,3,12,100,0.58,0.5738621
120,3,12,100,0.83,0.7025474
120,3,12,100,0.94,0.8083699
120,3,12,100,0.98,0.89232427
120,3,12,100,1.0,0.9584948
120,3,12,100,1.0,1.0111845
