hidden_dim,num_layers,max_seq,num_epochs,Actual,Predicted
120,3,12,100,0.013,-0.0013940871
120,3,12,100,0.027,-0.0011274328
120,3,12,100,0.038,-0.0007051771
120,3,12,100,0.047,-0.00010014936
120,3,12,100,0.065,0.07191511
120,3,12,100,0.095,0.17817402
120,3,12,100,0.17,0.30970228
120,3,12,100,0.31,0.46182615
120,3,12,100,0.58,0.6189
120,3,12,100,0.83,0.752603
120,3,12,100,0.94,0.8466493
120,3,12,100,0.98,0.9103761
120,3,12,100,1.0,0.95605916
120,3,12,100,1.0,0.9907682
