hidden_dim,num_layers,max_seq,num_epochs,Actual,Predicted
120,3,13,100,0.013,-0.0017032684
120,3,13,100,0.027,-0.0014294519
120,3,13,100,0.038,-0.0009835248
120,3,13,100,0.047,-0.0003408057
120,3,13,100,0.065,0.052555144
120,3,13,100,0.095,0.16334593
120,3,13,100,0.17,0.29646003
120,3,13,100,0.31,0.44309202
120,3,13,100,0.58,0.5878489
120,3,13,100,0.83,0.7162672
120,3,13,100,0.94,0.822231
120,3,13,100,0.98,0.90695643
120,3,13,100,1.0,0.9744276
120,3,13,100,1.0,1.0288211
