hidden_dim,num_layers,max_seq,num_epochs,Actual,Predicted
120,3,7,100,0.013,-0.003316436
120,3,7,100,0.027,-0.0033375318
120,3,7,100,0.038,-0.0032408168
120,3,7,100,0.047,-0.0030063319
120,3,7,100,0.065,-0.002607684
120,3,7,100,0.095,-0.002008302
120,3,7,100,0.17,-0.0011614108
120,3,7,100,0.31,-1.41036135e-05
120,3,7,100,0.58,0.14704439
120,3,7,100,0.83,0.32462248
120,3,7,100,0.94,0.50872177
120,3,7,100,0.98,0.6677425
120,3,7,100,1.0,0.7886961
120,3,7,100,1.0,0.87716544
