hidden_dim,num_layers,max_seq,num_epochs,Actual,Predicted
120,3,7,100,0.013,-0.0043236534
120,3,7,100,0.027,-0.0043635583
120,3,7,100,0.038,-0.0042607
120,3,7,100,0.047,-0.00400021
120,3,7,100,0.065,-0.003557689
120,3,7,100,0.095,-0.0028995313
120,3,7,100,0.17,-0.0019835057
120,3,7,100,0.31,-0.00076964573
120,3,7,100,0.58,0.07489878
120,3,7,100,0.83,0.24909082
120,3,7,100,0.94,0.42652464
120,3,7,100,0.98,0.5858452
120,3,7,100,1.0,0.71634537
120,3,7,100,1.0,0.81878465
