hidden_dim,num_layers,max_seq,num_epochs,Actual,Predicted
120,3,8,100,0.013,-0.0030054771
120,3,8,100,0.027,-0.0030134218
120,3,8,100,0.038,-0.0029094128
120,3,8,100,0.047,-0.0026764374
120,3,8,100,0.065,-0.0022930184
120,3,8,100,0.095,-0.00173021
120,3,8,100,0.17,-0.00095262076
120,3,8,100,0.31,0.007535808
120,3,8,100,0.58,0.13730364
120,3,8,100,0.83,0.28999883
120,3,8,100,0.94,0.45086086
120,3,8,100,0.98,0.5987682
120,3,8,100,1.0,0.72039044
120,3,8,100,1.0,0.8150522
