hidden_dim,num_layers,max_seq,num_epochs,Actual,Predicted
120,3,8,100,0.027,-0.0029385644
120,3,8,100,0.038,-0.0028382062
120,3,8,100,0.047,-0.0026302554
120,3,8,100,0.065,-0.002295751
120,3,8,100,0.095,-0.00180455
120,3,8,100,0.17,-0.0011127024
120,3,8,100,0.31,-0.00015987694
120,3,8,100,0.58,0.11183483
120,3,8,100,0.83,0.27361637
120,3,8,100,0.94,0.45510614
120,3,8,100,0.98,0.62502027
120,3,8,100,1.0,0.7582412
120,3,8,100,1.0,0.8524647
