hidden_dim,num_layers,max_seq,num_epochs,Actual,Predicted
120,3,8,100,0.027,-0.003934449
120,3,8,100,0.038,-0.0038637256
120,3,8,100,0.047,-0.003650255
120,3,8,100,0.065,-0.0032702726
120,3,8,100,0.095,-0.0026859792
120,3,8,100,0.17,-0.0018456334
120,3,8,100,0.31,-0.00068550237
120,3,8,100,0.58,0.083790846
120,3,8,100,0.83,0.26801944
120,3,8,100,0.94,0.462076
120,3,8,100,0.98,0.6351734
120,3,8,100,1.0,0.7713135
120,3,8,100,1.0,0.8731058
