hidden_dim,num_layers,max_seq,num_epochs,Actual,Predicted
120,3,9,100,0.038,-0.004001937
120,3,9,100,0.047,-0.003829235
120,3,9,100,0.065,-0.0034971558
120,3,9,100,0.095,-0.002975788
120,3,9,100,0.17,-0.0022204474
120,3,9,100,0.31,-0.0011759794
120,3,9,100,0.58,0.020782836
120,3,9,100,0.83,0.19221458
120,3,9,100,0.94,0.38173985
120,3,9,100,0.98,0.5608223
120,3,9,100,1.0,0.7072463
120,3,9,100,1.0,0.81778276
