hidden_dim,num_layers,max_seq,num_epochs,Actual,Predicted
120,3,9,100,0.038,-0.0027382602
120,3,9,100,0.047,-0.0025663998
120,3,9,100,0.065,-0.0022853366
120,3,9,100,0.095,-0.001872406
120,3,9,100,0.17,-0.0012942463
120,3,9,100,0.31,-0.0005026175
120,3,9,100,0.58,0.056366883
120,3,9,100,0.83,0.195743
120,3,9,100,0.94,0.3644322
120,3,9,100,0.98,0.5417793
120,3,9,100,1.0,0.6977986
120,3,9,100,1.0,0.8140824
