hidden_dim,num_layers,max_seq,num_epochs,Actual,Predicted
120,3,9,100,0.013,-0.002460933
120,3,9,100,0.027,-0.0024028714
120,3,9,100,0.038,-0.002222008
120,3,9,100,0.047,-0.0019008728
120,3,9,100,0.065,-0.0014171507
120,3,9,100,0.095,-0.0007428114
120,3,9,100,0.17,0.015134029
120,3,9,100,0.31,0.12841317
120,3,9,100,0.58,0.26368195
120,3,9,100,0.83,0.41140464
120,3,9,100,0.94,0.5547017
120,3,9,100,0.98,0.67869
120,3,9,100,1.0,0.7779008
120,3,9,100,1.0,0.85477835
