hidden_dim,num_layers,max_seq,num_epochs,Actual,Predicted
130,3,0,100,0.013,-0.001768115
130,3,0,100,0.027,-0.0013975166
130,3,0,100,0.038,-0.000843091
130,3,0,100,0.047,-8.048314e-05
130,3,0,100,0.065,0.09154886
130,3,0,100,0.095,0.21592028
130,3,0,100,0.17,0.362561
130,3,0,100,0.31,0.5208816
130,3,0,100,0.58,0.66991425
130,3,0,100,0.83,0.78977436
130,3,0,100,0.94,0.8780125
130,3,0,100,0.98,0.94282174
130,3,0,100,1.0,0.99202496
130,3,0,100,1.0,1.0306967
