hidden_dim,num_layers,max_seq,num_epochs,Actual,Predicted
150,3,0,100,0.013,-0.0014970537
150,3,0,100,0.027,-0.0011387931
150,3,0,100,0.038,-0.0005716477
150,3,0,100,0.047,0.022798825
150,3,0,100,0.065,0.12949422
150,3,0,100,0.095,0.2679248
150,3,0,100,0.17,0.44111758
150,3,0,100,0.31,0.62608093
150,3,0,100,0.58,0.76929283
150,3,0,100,0.83,0.8621734
150,3,0,100,0.94,0.9258427
150,3,0,100,0.98,0.97360295
150,3,0,100,1.0,1.0116166
150,3,0,100,1.0,1.0429891
