hidden_dim,num_layers,max_seq,num_epochs,Actual,Predicted
200,3,0,100,0.013,-0.0022745654
200,3,0,100,0.027,-0.0017768451
200,3,0,100,0.038,-0.0010670208
200,3,0,100,0.047,-0.0001270873
200,3,0,100,0.065,0.10678625
200,3,0,100,0.095,0.25478432
200,3,0,100,0.17,0.4302772
200,3,0,100,0.31,0.6092411
200,3,0,100,0.58,0.7540167
200,3,0,100,0.83,0.8583012
200,3,0,100,0.94,0.93279713
200,3,0,100,0.98,0.98752505
200,3,0,100,1.0,1.0291722
200,3,0,100,1.0,1.0620795
