Pco2,Pch4,rate
10,30.0465,20.8377
10,31.7209,8.27225
26,11.814,7.20963
26,37.1628,10.6447
26,4.51163,20.3853
4,36.4186,6.95767
