Pco2,Pch4,rate
10,5.95349,16.5445
4,35.9535,11.4286
10,6.65116,10.7853
26,34.2791,30.9425
10,9.90698,5.81152
10,6.7907,4.97382
26,11.5814,16.5168
10,30.2791,15.445
4,4.18605,9.41799
4,4.65116,6.5873
26,4.97674,11.9793
10,9.34884,18.1152
4,4.7907,3.20106
4,10.4186,3.9418
4,10.3721,7.93651
4,9.86047,10.7672
26,35.1163,21.0756
26,5.30233,4.75484
26,10.9302,26.3824
4,36.8372,4.36508
10,10.0465,12.4607
