Temp,Pco2,Pch4
750,10,5.95349
750,4,35.9535
700,10,6.65116
750,26,34.2791
650,10,9.90698
650,10,6.7907
700,26,11.5814
700,10,30.2791
750,4,4.18605
700,4,4.65116
700,26,4.97674
750,10,9.34884
650,4,4.7907
650,4,10.4186
700,4,10.3721
750,4,9.86047
700,26,35.1163
650,26,5.30233
750,26,10.9302
650,4,36.8372
700,10,10.0465
