,model,R2,MSE,R2 std,R2 List,hidden sizes,total hs,epochs
0,RandomForestRegressor,34.2,3.82,0.6,"[34.1, 34.7, 33.8, 35.1, 33.5]",N/A,0,N/A
4,ReluTanhFFNN,32.7,0.6399999856948853,13.9,"[15.1, 46.5, 16.4, 43.4, 42.2]","[8, 4]",12,8
1,GradientBoostingRegressor,31.6,3.97,1.0,"[31.0, 32.4, 29.8, 32.3, 32.5]",N/A,0,N/A
2,ReluTanhFFNN,30.4,0.6600000262260437,3.7,"[24.4, 35.5, 32.0, 31.3, 28.9]",[10],10,11
3,ReluTanhFFNN,27.9,0.6800000071525574,9.9,"[21.4, 43.3, 27.4, 33.1, 14.5]","[15, 10, 3]",28,6
5,ReluTanhFFNN,27.3,0.6899999976158142,7.5,"[31.3, 14.4, 32.5, 34.8, 23.5]","[15, 5]",20,11
