,model,R2,MSE,R2 std,R2 List,hidden sizes,total hs,epochs
5,ReluTanhFFNN,52.6,0.44999998807907104,7.9,"[45.8, 63.3, 54.6, 41.5, 57.9]",[10],10,16
1,LinearFFNN,48.8,0.47999998927116394,3.5,"[50.4, 53.2, 43.8, 45.8, 50.7]",[10],10,16
4,LinearFFNN,48.3,0.49000000953674316,4.6,"[48.3, 51.1, 42.0, 45.1, 55.1]","[15, 5]",20,18
2,LinearFFNN,47.5,0.5,4.2,"[54.0, 43.3, 50.9, 44.1, 45.1]","[15, 10, 3]",28,22
3,LinearFFNN,45.5,0.5099999904632568,1.6,"[43.8, 46.5, 44.8, 44.3, 48.3]","[8, 4]",12,16
8,ReluTanhFFNN,43.0,0.5400000214576721,11.3,"[56.4, 51.2, 48.3, 30.2, 29.0]","[15, 5]",20,13
7,ReluTanhFFNN,42.9,0.5400000214576721,4.0,"[41.4, 36.9, 41.4, 46.5, 48.1]","[8, 4]",12,15
6,ReluTanhFFNN,35.7,0.6100000143051147,24.3,"[56.3, 34.9, 46.3, -10.7, 51.6]","[15, 10, 3]",28,22
0,Lasso,25.2,4.35,0.0,"[25.2, 25.2, 25.2, 25.2, 25.2]",N/A,0,N/A
