actual,predictions
5.830346821,6.87
3.721676301,3.1
2.183526012,9.02
3.335621387,2.29
4.316907514,6.87
14.52998555,6.16
47.5982659,40.44
13.22586705,6.16
