actual,predictions
5.830346821,4.02
3.721676301,4.75
2.183526012,5.16
3.335621387,2.23
4.316907514,4.02
14.52998555,15.29
47.5982659,45.26
13.22586705,15.29
