actual,predictions
5.830346821,3.86
3.721676301,7.31
2.183526012,-2.36
3.335621387,-2.62
4.316907514,3.86
14.52998555,8.46
47.5982659,51.48
13.22586705,8.46
