actual,predictions
5.830346821,2.92
3.721676301,-9.25
2.183526012,8.71
3.335621387,14.72
4.316907514,2.92
14.52998555,12.41
47.5982659,50.64
13.22586705,12.41
