actual,predictions
5.830346821,4.76
3.721676301,2.71
2.183526012,2.56
3.335621387,2.56
4.316907514,4.76
14.52998555,14.22
47.5982659,48.61
13.22586705,14.22
