actual,predictions
20.8377,19.79
8.27225,7.54
7.20963,6.39
10.6447,12.0
20.3853,16.97
6.95767,5.68
