actual,predictions
5.830346821,10.45
3.721676301,2.15
2.183526012,1.58
3.335621387,-0.76
4.316907514,10.45
14.52998555,12.26
47.5982659,43.84
13.22586705,12.26
