HTC,Predictions
5.830346821,7.58
3.721676301,9.13
2.183526012,-4.34
3.335621387,-1.03
4.316907514,7.58
14.52998555,15.33
47.5982659,45.44
13.22586705,15.33
