actual,predictions
5.830346821,1.47
3.721676301,2.39
2.183526012,0.13
3.335621387,3.91
4.316907514,1.47
14.52998555,13.05
47.5982659,39.49
13.22586705,13.05
