actual,predictions
5.830346821,2.2
3.721676301,3.53
2.183526012,1.0
3.335621387,2.52
4.316907514,2.2
14.52998555,10.23
47.5982659,57.5
13.22586705,10.23
