actual,predictions
5.830346821,-0.82
3.721676301,4.65
2.183526012,6.72
3.335621387,6.21
4.316907514,-0.82
14.52998555,15.15
47.5982659,51.81
13.22586705,15.15
