actual,predictions
5.830346821,3.06
3.721676301,-0.34
2.183526012,3.78
3.335621387,4.78
4.316907514,3.06
14.52998555,11.69
47.5982659,41.38
13.22586705,11.69
