actual,predictions
5.830346821,3.8
3.721676301,3.64
2.183526012,3.66
3.335621387,3.73
4.316907514,3.8
14.52998555,14.17
47.5982659,45.45
13.22586705,14.17
