actual,predictions
5.830346821,4.8
3.721676301,2.16
2.183526012,0.56
3.335621387,4.59
4.316907514,4.8
14.52998555,15.67
47.5982659,45.4
13.22586705,15.67
