actual,predictions
5.830346821,7.86
3.721676301,3.38
2.183526012,5.22
3.335621387,1.93
4.316907514,7.86
14.52998555,16.23
47.5982659,40.2
13.22586705,16.23
