actual,predictions
5.830346821,3.91
3.721676301,-0.73
2.183526012,5.56
3.335621387,0.53
4.316907514,3.91
14.52998555,10.84
47.5982659,68.63
13.22586705,10.84
