actual,predictions
5.830346821,2.1
3.721676301,0.6
2.183526012,2.14
3.335621387,1.78
4.316907514,2.1
14.52998555,12.99
47.5982659,43.44
13.22586705,12.99
