actual,predictions
5.830346821,0.26
3.721676301,1.55
2.183526012,1.96
3.335621387,-0.13
4.316907514,0.26
14.52998555,13.28
47.5982659,51.86
13.22586705,13.28
