HTC,Predictions
5.830346821,0
3.721676301,1
2.183526012,0
3.335621387,0
4.316907514,0
14.52998555,11
47.5982659,50
13.22586705,11
