HTC,Predictions
5.830346821,2
3.721676301,2
2.183526012,3
3.335621387,2
4.316907514,2
14.52998555,13
47.5982659,27
13.22586705,13
