actual,predictions
5.830346821,-0.95
3.721676301,1.5
2.183526012,3.18
3.335621387,5.42
4.316907514,-0.95
14.52998555,13.83
47.5982659,41.75
13.22586705,13.83
