HTC,Predictions
5.830346821,3
3.721676301,2
2.183526012,4
3.335621387,3
4.316907514,3
14.52998555,12
47.5982659,27
13.22586705,12
