actual,predictions
5.830346821,3.47
3.721676301,3.47
2.183526012,3.47
3.335621387,3.47
4.316907514,3.47
14.52998555,13.56
47.5982659,49.06
13.22586705,13.56
