run,r2
0,0.9642944401773799
1,0.8538467320664458
2,0.8765647741119876
3,0.9062397521142087
4,0.822787542093518
5,0.7096633071985818
6,0.5979887964775809
7,0.4921745020121305
8,0.4722961217271488
9,0.6903443203615072
10,0.9363921080978274
11,0.9643472159040973
12,0.9669963418309058
13,0.9637127774041244
14,0.9642944401773799
