run,r2
200,0.9254850310746855
150,0.8772889973003547
130,0.9460374851578114
120,0.9642944401773799
