run,r2
0,0.9642944401773799
1,0.853658102530284
2,0.9211160991932631
3,0.9305011483667267
4,0.8911940766337758
5,0.7246895090229045
6,0.5629453339015977
7,0.4578211108029496
8,0.48354506372939265
9,0.24835602962027464
10,0.12856936415486192
11,-0.07819877058455427
12,-0.2936872138316755
13,-0.8730423891324776
14,-2.511535071653709
